driverId,driverRef,number,code,forename,surname,dob,nationality,Age
1,hamilton,44,HAM,Lewis,Hamilton,07-01-1985,British,38
2,heidfeld,,HEI,Nick,Heidfeld,10-05-1977,German,46
3,rosberg,6,ROS,Nico,Rosberg,27-06-1985,German,38
4,alonso,14,ALO,Fernando,Alonso,29-07-1981,Spanish,42
5,kovalainen,,KOV,Heikki,Kovalainen,19-10-1981,Finnish,42
6,nakajima,,NAK,Kazuki,Nakajima,11-01-1985,Japanese,38
7,bourdais,,BOU,Sebastien,Bourdais,28-02-1979,French,44
8,raikkonen,7,RAI,Kimi,Raikkonen,17-10-1979,Finnish,44
9,kubica,,KUB,Robert,Kubica,07-12-1984,Polish,38
10,glock,,GLO,Timo,Glock,18-03-1982,German,41
11,sato,,SAT,Takuma,Sato,28-01-1977,Japanese,46
12,piquet_jr,,PIQ,Nelson,Piquet Jr.,25-07-1985,Brazilian,38
13,massa,19,MAS,Felipe,Massa,25-04-1981,Brazilian,42
14,coulthard,,COU,David,Coulthard,27-03-1971,British,52
15,trulli,,TRU,Jarno,Trulli,13-07-1974,Italian,49
16,sutil,99,SUT,Adrian,Sutil,11-01-1983,German,40
17,webber,,WEB,Mark,Webber,27-08-1976,Australian,47
18,button,22,BUT,Jenson,Button,19-01-1980,British,43
19,davidson,,DAV,Anthony,Davidson,18-04-1979,British,44
20,vettel,5,VET,Sebastian,Vettel,03-07-1987,German,36
21,fisichella,,FIS,Giancarlo,Fisichella,14-01-1973,Italian,50
22,barrichello,,BAR,Rubens,Barrichello,23-05-1972,Brazilian,51
23,ralf_schumacher,,SCH,Ralf,Schumacher,30-06-1975,German,48
24,liuzzi,,LIU,Vitantonio,Liuzzi,06-08-1980,Italian,43
25,wurz,,WUR,Alexander,Wurz,15-02-1974,Austrian,49
26,speed,,SPE,Scott,Speed,24-01-1983,American,40
27,albers,,ALB,Christijan,Albers,16-04-1979,Dutch,44
28,markus_winkelhock,,WIN,Markus,Winkelhock,13-06-1980,German,43
29,yamamoto,,YAM,Sakon,Yamamoto,09-07-1982,Japanese,41
30,michael_schumacher,,MSC,Michael,Schumacher,03-01-1969,German,54
31,montoya,,MON,Juan,Pablo Montoya,20-09-1975,Colombian,48
32,klien,,KLI,Christian,Klien,07-02-1983,Austrian,40
33,monteiro,,TMO,Tiago,Monteiro,24-07-1976,Portuguese,47
34,ide,,IDE,Yuji,Ide,21-01-1975,Japanese,48
35,villeneuve,,VIL,Jacques,Villeneuve,09-04-1971,Canadian,52
36,montagny,,FMO,Franck,Montagny,05-01-1978,French,45
37,rosa,,DLR,Pedro,de la Rosa,24-02-1971,Spanish,52
38,doornbos,,DOO,Robert,Doornbos,23-09-1981,Dutch,42
39,karthikeyan,,KAR,Narain,Karthikeyan,14-01-1977,Indian,46
40,friesacher,,FRI,Patrick,Friesacher,26-09-1980,Austrian,43
41,zonta,,ZON,Ricardo,Zonta,23-03-1976,Brazilian,47
42,pizzonia,,PIZ,Ant̫nio,Pizzonia,11-09-1980,Brazilian,43
43,matta,,MATT,Cristiano,da Matta,19-09-1973,Brazilian,50
44,panis,,PANI,Olivier,Panis,02-09-1966,French,57
45,pantano,,PANT,Giorgio,Pantano,04-02-1979,Italian,44
46,bruni,,BRUN,Gianmaria,Bruni,30-05-1981,Italian,42
47,baumgartner,,BAUM,Zsolt,Baumgartner,01-01-1981,Hungarian,42
48,gene,,GENE,Marc,Gene,29-03-1974,Spanish,49
49,frentzen,,FREN,Heinz-Harald,Frentzen,18-05-1967,German,56
50,verstappen,,VERS,Jos,Verstappen,04-03-1972,Dutch,51
51,wilson,,WILS,Justin,Wilson,31-07-1978,British,45
52,firman,,FIRM,Ralph,Firman,20-05-1975,Irish,48
53,kiesa,,KIES,Nicolas,Kiesa,03-03-1978,Danish,45
54,burti,,BURT,Luciano,Burti,05-03-1975,Brazilian,48
55,alesi,,ALES,Jean,Alesi,11-06-1964,French,59
56,irvine,,IRVI,Eddie,Irvine,10-11-1965,British,57
57,hakkinen,,HAKK,Mika,Hakkinen,28-09-1968,Finnish,55
58,marques,,MARQ,Tarso,Marques,19-01-1976,Brazilian,47
59,bernoldi,,BERN,Enrique,Bernoldi,19-10-1978,Brazilian,45
60,mazzacane,,MAZZ,Gaston,Mazzacane,08-05-1975,Argentine,48
61,enge,,ENGE,Tomas,Enge,11-09-1976,Czech,47
62,yoong,,YOON,Alex,Yoong,20-07-1976,Malaysian,47
63,salo,,SALO,Mika,Salo,30-11-1966,Finnish,56
64,diniz,,DINI,Pedro,Diniz,22-05-1970,Brazilian,53
65,herbert,,HERB,Johnny,Herbert,25-06-1964,British,59
66,mcnish,,MCNI,Allan,McNish,29-12-1969,British,53
67,buemi,,BUE,Sebastien,Buemi,31-10-1988,Swiss,35
68,takagi,,TAKA,Toranosuke,Takagi,12-02-1974,Japanese,49
69,badoer,,BAD,Luca,Badoer,25-01-1971,Italian,52
70,zanardi,,ZANA,Alessandro,Zanardi,23-10-1966,Italian,57
71,damon_hill,,DAMO,Damon,Hill,17-09-1960,British,63
72,sarrazin,,SARR,Stephane,Sarrazin,02-11-1975,French,48
73,rosset,,ROSS,Ricardo,Rosset,27-07-1968,Brazilian,55
74,tuero,,TUER,Esteban,Tuero,22-04-1978,Argentine,45
75,nakano,,NAKA,Shinji,Nakano,01-04-1971,Japanese,52
76,magnussen,,MAG,Jan,Magnussen,04-07-1973,Danish,50
77,berger,,BERG,Gerhard,Berger,27-08-1959,Austrian,64
78,larini,,LARI,Nicola,Larini,19-03-1964,Italian,59
79,katayama,,KATA,Ukyo,Katayama,29-05-1963,Japanese,60
80,sospiri,,SOSP,Vincenzo,Sospiri,07-10-1966,Italian,57
81,morbidelli,,MORB,Gianni,Morbidelli,13-01-1968,Italian,55
82,fontana,,FONT,Norberto,Fontana,20-01-1975,Argentine,48
83,lamy,,LAMY,Pedro,Lamy,20-03-1972,Portuguese,51
84,brundle,,BRUN,Martin,Brundle,01-06-1959,British,64
85,montermini,,MONT,Andrea,Montermini,30-05-1964,Italian,59
86,lavaggi,,LAVA,Giovanni,Lavaggi,18-02-1958,Italian,65
87,blundell,,BLUN,Mark,Blundell,08-04-1966,British,57
88,suzuki,,SUZU,Aguri,Suzuki,08-09-1960,Japanese,63
89,inoue,,INOU,Taki,Inoue,05-09-1963,Japanese,60
90,moreno,,MORE,Roberto,Moreno,11-02-1959,Brazilian,64
91,wendlinger,,WEND,Karl,Wendlinger,20-12-1968,Austrian,54
92,gachot,,GACH,Bertrand,Gachot,23-12-1962,Belgian,60
93,schiattarella,,SCHI,Domenico,Schiattarella,17-11-1967,Italian,55
94,martini,,MART,Pierluigi,Martini,23-04-1961,Italian,62
95,mansell,,MANS,Nigel,Mansell,08-08-1953,British,70
96,boullion,,BOUL,Jean-Christophe,Boullion,27-12-1969,French,53
97,papis,,PAPI,Massimiliano,Papis,03-10-1969,Italian,54
98,deletraz,,DELE,Jean-Denis,Deletraz,01-10-1963,Swiss,60
99,tarquini,,TARQ,Gabriele,Tarquini,02-03-1962,Italian,61
100,comas,,COMA,Erik,Comas,28-09-1963,French,60
101,brabham,,BRAB,David,Brabham,05-09-1965,Australian,58
102,senna,,SENN,Ayrton,Senna,21-03-1960,Brazilian,63
103,bernard,,BERN,Erik,Bernard,24-08-1964,French,59
104,fittipaldi,,FITT,Christian,Fittipaldi,18-01-1971,Brazilian,52
105,alboreto,,ALBO,Michele,Alboreto,23-12-1956,Italian,66
106,beretta,,BERE,Olivier,Beretta,23-11-1969,Monegasque,53
107,ratzenberger,,RATZ,Roland,Ratzenberger,04-07-1960,Austrian,63
108,belmondo,,BELM,Paul,Belmondo,23-04-1963,French,60
109,lehto,,LEHT,Jyrki,Lehto,31-01-1966,Finnish,57
110,cesaris,,CESA,Andrea,de Cesaris,31-05-1959,Italian,64
111,gounon,,GOUN,Jean-Marc,Gounon,01-01-1963,French,60
112,alliot,,ALLI,Philippe,Alliot,27-07-1954,French,69
113,adams,,ADAM,Philippe,Adams,19-11-1969,Belgian,53
114,dalmas,,DALM,Yannick,Dalmas,28-07-1961,French,62
115,noda,,NODA,Hideki,Noda,07-03-1969,Japanese,54
116,lagorce,,LAGO,Franck,Lagorce,01-09-1968,French,55
117,prost,,PROS,Alain,Prost,24-02-1955,French,68
118,warwick,,WARW,Derek,Warwick,27-08-1954,British,69
119,patrese,,PATR,Riccardo,Patrese,17-04-1954,Italian,69
120,barbazza,,BARB,Fabrizio,Barbazza,02-04-1963,Italian,60
121,andretti,,ANDR,Michael,Andretti,05-10-1962,American,61
122,capelli,,CAPE,Ivan,Capelli,24-05-1963,Italian,60
123,boutsen,,BOUT,Thierry,Boutsen,13-07-1957,Belgian,66
124,apicella,,APIC,Marco,Apicella,07-10-1965,Italian,58
125,naspetti,,NASP,Emanuele,Naspetti,24-02-1968,Italian,55
126,toshio_suzuki,,TOSH,Toshio,Suzuki,10-03-1955,Japanese,68
127,gugelmin,,GUGE,Mauricio,Gugelmin,20-04-1963,Brazilian,60
128,poele,,POEL,Eric,van de Poele,30-09-1961,Belgian,62
129,grouillard,,GROU,Olivier,Grouillard,02-09-1958,French,65
130,chiesa,,CHIE,Andrea,Chiesa,06-05-1964,Swiss,59
131,modena,,MODE,Stefano,Modena,12-05-1963,Italian,60
132,amati,,AMAT,Giovanna,Amati,20-07-1959,Italian,64
133,caffi,,CAFF,Alex,Caffi,18-03-1964,Italian,59
134,bertaggia,,BERT,Enrico,Bertaggia,19-09-1964,Italian,59
135,mccarthy,,MCCA,Perry,McCarthy,03-03-1961,British,62
136,lammers,,LAMM,Jan,Lammers,02-06-1956,Dutch,67
137,piquet,,PIQU,Nelson,Piquet,17-08-1952,Brazilian,71
138,satoru_nakajima,,SATO,Satoru,Nakajima,23-02-1953,Japanese,70
139,pirro,,PIRR,Emanuele,Pirro,12-01-1962,Italian,61
140,johansson,,JOHA,Stefan,Johansson,08-09-1956,Swedish,67
141,bailey,,BAIL,Julian,Bailey,09-10-1961,British,62
142,chaves,,CHAV,Pedro,Chaves,27-02-1965,Portuguese,58
143,bartels,,BART,Michael,Bartels,08-03-1968,German,55
144,hattori,,HATT,Naoki,Hattori,13-06-1966,Japanese,57
145,nannini,,NANN,Alessandro,Nannini,07-07-1959,Italian,64
146,schneider,,SCHN,Bernd,Schneider,20-07-1964,German,59
147,barilla,,BARI,Paolo,Barilla,20-04-1961,Italian,62
148,foitek,,FOIT,Gregor,Foitek,27-03-1965,Swiss,58
149,langes,,LANG,Claudio,Langes,20-07-1960,Italian,63
150,gary_brabham,,GARY,Gary,Brabham,29-03-1961,Australian,62
151,donnelly,,DONN,Martin,Donnelly,26-03-1964,British,59
152,giacomelli,,GIAC,Bruno,Giacomelli,10-09-1952,Italian,71
153,alguersuari,,ALG,Jaime,Alguersuari,23-03-1990,Spanish,33
154,grosjean,8,GRO,Romain,Grosjean,17-04-1986,French,37
155,kobayashi,10,KOB,Kamui,Kobayashi,13-09-1986,Japanese,37
156,palmer,,PALM,Jonathan,Palmer,07-11-1956,British,67
157,danner,,DANN,Christian,Danner,04-04-1958,German,65
158,cheever,,CHEE,Eddie,Cheever,10-01-1958,American,65
159,sala,,SALA,Luis,Sala,15-05-1959,Spanish,64
160,ghinzani,,GHIN,Piercarlo,Ghinzani,16-01-1952,Italian,71
161,weidler,,WEID,Volker,Weidler,18-03-1962,German,61
162,raphanel,,RAPH,Pierre-Henri,Raphanel,27-05-1961,French,62
163,arnoux,,ARNO,Rene,Arnoux,04-07-1948,French,75
164,joachim_winkelhock,,JOAC,Joachim,Winkelhock,24-10-1960,German,63
165,larrauri,,LARR,Oscar,Larrauri,19-08-1954,Argentine,69
166,streiff,,STRE,Philippe,Streiff,26-06-1955,French,68
167,campos,,CAMP,AdriÌÁn,Campos,17-06-1960,Spanish,63
168,schlesser,,SCHL,Jean-Louis,Schlesser,12-09-1948,French,75
169,fabre,,FABR,Pascal,Fabre,09-01-1960,French,63
170,fabi,,FABI,Teo,Fabi,09-03-1955,Italian,68
171,forini,,FORI,Franco,Forini,22-09-1958,Swiss,65
172,laffite,,LAFF,Jacques,Laffite,21-11-1943,French,79
173,angelis,,ANGE,Elio,de Angelis,26-03-1958,Italian,65
174,dumfries,,DUMF,Johnny,Dumfries,26-04-1958,British,65
175,tambay,,TAMB,Patrick,Tambay,25-06-1949,French,74
176,surer,,SURE,Marc,Surer,18-09-1951,Swiss,72
177,keke_rosberg,,KEKE,Keke,Rosberg,06-12-1948,Finnish,74
178,jones,,JONE,Alan,Jones,02-11-1946,Australian,77
179,rothengatter,,ROTH,Huub,Rothengatter,08-10-1954,Dutch,69
180,berg,,BERG,Allen,Berg,01-08-1961,Canadian,62
181,manfred_winkelhock,,MANF,Manfred,Winkelhock,06-10-1951,German,72
182,lauda,,LAUD,Niki,Lauda,22-02-1949,Austrian,74
183,hesnault,,HESN,Fran̤ois,Hesnault,30-12-1956,French,66
184,baldi,,BALD,Mauro,Baldi,31-01-1954,Italian,69
185,bellof,,BELL,Stefan,Bellof,20-11-1957,German,65
186,acheson,,ACHE,Kenny,Acheson,27-11-1957,British,65
187,watson,,WATS,John,Watson,04-05-1946,British,77
188,cecotto,,CECO,Johnny,Cecotto,25-01-1956,Venezuelan,67
189,gartner,,GART,Jo,Gartner,24-01-1954,Austrian,69
190,corrado_fabi,,CORR,Corrado,Fabi,12-04-1961,Italian,62
191,thackwell,,THAC,Mike,Thackwell,30-03-1961,New Zealander,62
192,serra,,SERR,Chico,Serra,03-02-1957,Brazilian,66
193,sullivan,,SULL,Danny,Sullivan,09-03-1950,American,73
194,salazar,,SALA,Eliseo,Salazar,14-11-1954,Chilean,68
195,guerrero,,GUER,Roberto,Guerrero,16-11-1958,Colombian,64
196,boesel,,BOES,Raul,Boesel,04-12-1957,Brazilian,65
197,jarier,,JARI,Jean-Pierre,Jarier,10-07-1946,French,77
198,villeneuve_sr,,VILL,Jacques,Villeneuve Sr.,04-11-1953,Canadian,70
199,reutemann,,REUT,Carlos,Reutemann,12-04-1942,Argentine,81
200,mass,,MASS,Jochen,Mass,30-09-1946,German,77
201,borgudd,,BORG,Slim,Borgudd,25-11-1946,Swedish,76
202,pironi,,PIRO,Didier,Pironi,26-03-1952,French,71
203,gilles_villeneuve,,GILL,Gilles,Villeneuve,18-01-1950,Canadian,73
204,paletti,,PALE,Riccardo,Paletti,15-06-1958,Italian,65
205,henton,,HENT,Brian,Henton,19-09-1946,British,77
206,daly,,DALY,Derek,Daly,11-03-1953,Irish,70
207,mario_andretti,,MARI,Mario,Andretti,28-02-1940,American,83
208,villota,,VILL,Emilio,de Villota,26-07-1946,Spanish,77
209,lees,,LEES,Geoff,Lees,01-05-1951,British,72
210,byrne,,BYRN,Tommy,Byrne,06-05-1958,Irish,65
211,keegan,,KEEG,Rupert,Keegan,26-02-1955,British,68
212,rebaque,,REBA,Hector,Rebaque,05-02-1956,Mexican,67
213,gabbiani,,GABB,Beppe,Gabbiani,02-01-1957,Italian,66
214,cogan,,COGA,Kevin,Cogan,31-03-1956,American,67
215,guerra,,GUER,Miguel Ingel,Guerra,31-08-1953,Argentine,70
216,stohr,,STOH,Siegfried,Stohr,10-10-1952,Italian,71
217,zunino,,ZUNI,Ricardo,Zunino,13-04-1949,Argentine,74
218,londono,,LOND,Ricardo,Londono,08-08-1949,Colombian,74
219,jabouille,,JABO,Jean-Pierre,Jabouille,01-10-1942,French,81
220,francia,,FRAN,Giorgio,Francia,08-11-1947,Italian,76
221,depailler,,DEPA,Patrick,Depailler,09-08-1944,French,79
222,scheckter,,SCHE,Jody,Scheckter,29-01-1950,South African,73
223,regazzoni,,REGA,Clay,Regazzoni,05-09-1939,Swiss,84
224,emerson_fittipaldi,,EMER,Emerson,Fittipaldi,12-12-1946,Brazilian,76
225,kennedy,,KENN,Dave,Kennedy,15-01-1953,Irish,70
226,south,,SOUT,Stephen,South,19-02-1952,British,71
227,needell,,NEED,Tiff,Needell,29-10-1951,British,72
228,desire_wilson,,DESI,Desire,Wilson,26-11-1953,South African,69
229,ertl,,ERTL,Harald,Ertl,31-08-1948,Austrian,75
230,brambilla,,BRAM,Vittorio,Brambilla,11-11-1937,Italian,85
231,hunt,,HUNT,James,Hunt,29-08-1947,British,76
232,merzario,,MERZ,Arturo,Merzario,11-03-1943,Italian,80
233,stuck,,STUC,Hans-Joachim,Stuck,01-01-1951,German,72
234,brancatelli,,BRAN,Gianfranco,Brancatelli,18-01-1950,Italian,73
235,ickx,,ICKX,Jacky,Ickx,01-01-1945,Belgian,78
236,gaillard,,GAIL,Patrick,Gaillard,12-02-1952,French,71
237,ribeiro,,RIBE,Alex,Ribeiro,07-11-1948,Brazilian,75
238,peterson,,PETE,Ronnie,Peterson,14-02-1944,Swedish,79
239,lunger,,LUNG,Brett,Lunger,14-11-1945,American,77
240,ongais,,ONGA,Danny,Ongais,21-05-1942,American,81
241,leoni,,LEON,Lamberto,Leoni,24-05-1953,Italian,70
242,galica,,GALI,Divina,Galica,13-08-1944,British,79
243,stommelen,,STOM,Rolf,Stommelen,11-07-1943,German,80
244,colombo,,COLO,Alberto,Colombo,23-02-1946,Italian,77
245,trimmer,,TRIM,Tony,Trimmer,24-01-1943,British,80
246,binder,,BIND,Hans,Binder,12-06-1948,Austrian,75
247,bleekemolen,,BLEE,Michael,Bleekemolen,02-10-1949,Dutch,74
248,gimax,,GIMA,Carlo,Franchi,01-01-1938,Italian,85
249,rahal,,RAHA,Bobby,Rahal,10-01-1953,American,70
250,pace,,PACE,Carlos,Pace,06-10-1944,Brazilian,79
251,ian_scheckter,,IAN_,Ian,Scheckter,22-08-1947,South African,76
252,pryce,,PRYC,Tom,Pryce,11-06-1949,British,74
253,hoffmann,,HOFF,Ingo,Hoffmann,28-02-1953,Brazilian,70
254,zorzi,,ZORZ,Renzo,Zorzi,12-12-1946,Italian,76
255,nilsson,,NILS,Gunnar,Nilsson,20-11-1948,Swedish,74
256,perkins,,PERK,Larry,Perkins,18-03-1950,Australian,73
257,hayje,,HAYJ,Boy,Lunger,03-05-1949,Dutch,74
258,neve,,NEVE,Patrick,Neve,13-10-1949,Belgian,74
259,purley,,PURL,David,Purley,26-01-1945,British,78
260,andersson,,ANDE,Conny,Andersson,28-12-1939,Swedish,83
261,dryver,,DRYV,Bernard,de Dryver,19-09-1952,Belgian,71
262,oliver,,OLIV,Jackie,Oliver,14-08-1942,British,81
263,kozarowitzky,,KOZA,Mikko,Kozarowitzky,17-05-1948,Finnish,75
264,sutcliffe,,SUTC,Andy,Sutcliffe,09-05-1947,British,76
265,edwards,,EDWA,Guy,Edwards,30-12-1942,British,80
266,mcguire,,MCGU,Brian,McGuire,13-12-1945,Australian,77
267,schuppan,,SCHU,Vern,Schuppan,19-03-1943,Australian,80
268,heyer,,HEYE,Hans,Heyer,16-03-1943,German,80
269,pilette,,PILE,Teddy,Pilette,26-07-1942,Belgian,81
270,ashley,,ASHL,Ian,Ashley,26-10-1947,British,76
271,kessel,,KESS,Loris,Kessel,01-04-1950,Swiss,73
272,takahashi,,TAKA,Kunimitsu,Takahashi,29-01-1940,Japanese,83
273,hoshino,,HOSH,Kazuyoshi,Hoshino,01-07-1947,Japanese,76
274,takahara,,TAKA,Noritake,Takahara,06-06-1951,Japanese,72
275,lombardi,,LOMB,Lella,Lombardi,26-03-1941,Italian,82
276,evans,,EVAN,Bob,Evans,11-06-1947,British,76
277,leclere,,LECL,Michel,Leclere,18-03-1946,French,77
278,amon,,AMON,Chris,Amon,20-07-1943,New Zealander,80
279,zapico,,ZAPI,Emilio,Zapico,27-05-1944,Spanish,79
280,pescarolo,,PESC,Henri,Pescarolo,25-09-1942,French,81
281,nelleman,,NELL,Jac,Nelleman,19-04-1944,Danish,79
282,magee,,MAGE,Damien,Magee,17-11-1945,British,77
283,wilds,,WILD,Mike,Wilds,07-01-1946,British,77
284,pesenti_rossi,,PESE,Alessandro,Pesenti-Rossi,31-08-1942,Italian,81
285,stuppacher,,STUP,Otto,Stuppacher,03-03-1947,Austrian,76
286,brown,,BROW,Warwick,Brown,24-12-1949,Australian,73
287,hasemi,,HASE,Masahiro,Hasemi,13-11-1945,Japanese,77
288,donohue,,DONO,Mark,Donohue,18-03-1937,American,86
289,hill,,HILL,Graham,Hill,15-02-1929,British,94
290,wilson_fittipaldi,,WILS,Wilson,Fittipaldi,25-12-1943,Brazilian,79
291,tunmer,,TUNM,Guy,Tunmer,01-12-1948,South African,74
292,keizan,,KEIZ,Eddie,Keizan,12-09-1944,South African,79
293,charlton,,CHAR,Dave,Charlton,27-10-1936,South African,87
294,brise,,BRIS,Tony,Brise,28-03-1952,British,71
295,wunderink,,WUND,Roelof,Wunderink,12-12-1948,Dutch,74
296,migault,,MIGA,Fran̤ois,Migault,04-12-1944,French,78
297,palm,,PALM,Torsten,Palm,23-07-1947,Swedish,76
298,lennep,,LENN,Gijs,van Lennep,16-03-1942,Dutch,81
299,fushida,,FUSH,Hiroshi,Fushida,10-03-1946,Japanese,77
300,nicholson,,NICH,John,Nicholson,06-10-1941,New Zealander,82
301,morgan,,MORG,Dave,Morgan,07-08-1944,British,79
302,crawford,,CRAW,Jim,Crawford,13-02-1948,British,75
303,vonlanthen,,VONL,Jo,Vonlanthen,31-05-1942,Swiss,81
304,hulme,,HULM,Denny,Hulme,18-06-1936,New Zealander,87
305,hailwood,,HAIL,Mike,Hailwood,02-04-1940,British,83
306,beltoise,,BELT,Jean-Pierre,Beltoise,26-04-1937,French,86
307,ganley,,GANL,Howden,Ganley,24-12-1941,New Zealander,81
308,robarts,,ROBA,Richard,Robarts,22-09-1944,British,79
309,revson,,REVS,Peter,Revson,27-02-1939,American,84
310,driver,,DRIV,Paddy,Driver,13-05-1934,South African,89
311,belso,,BELS,Tom,Belso,27-08-1942,Danish,81
312,redman,,REDM,Brian,Redman,09-03-1937,British,86
313,opel,,OPEL,Rikky,von Opel,14-10-1947,Liechtensteiner,76
314,schenken,,SCHE,Tim,Schenken,26-09-1943,Australian,80
315,larrousse,,LARR,Gerard,Larrousse,23-05-1940,French,83
316,kinnunen,,KINN,Leo,Kinnunen,05-08-1943,Finnish,80
317,wisell,,WISE,Reine,Wisell,30-09-1941,Swedish,82
318,roos,,ROOS,Bertil,Roos,12-10-1943,Swedish,80
319,dolhem,,DOLH,Jose,Dolhem,26-04-1944,French,79
320,gethin,,GETH,Peter,Gethin,21-02-1940,British,83
321,bell,,BELL,Derek,Bell,31-10-1941,British,82
322,hobbs,,HOBB,David,Hobbs,09-06-1939,British,84
323,quester,,QUES,Dieter,Quester,30-05-1939,Austrian,84
324,koinigg,,KOIN,Helmuth,Koinigg,03-11-1948,Austrian,75
325,facetti,,FACE,Carlo,Facetti,26-06-1935,Italian,88
326,wietzes,,WIET,Eppie,Wietzes,28-05-1938,Canadian,85
327,cevert,,CEVE,Francois,Cevert,25-02-1944,French,79
328,stewart,,STEW,Jackie,Stewart,11-06-1939,British,84
329,beuttler,,BEUT,Mike,Beuttler,13-04-1940,British,83
330,galli,,GALL,Nanni,Galli,02-10-1940,Italian,83
331,bueno,,BUEN,Luiz,Bueno,16-01-1937,Brazilian,86
332,follmer,,FOLL,George,Follmer,27-01-1934,American,89
333,adamich,,ADAM,Andrea,de Adamich,03-10-1941,Italian,82
334,pretorius,,PRET,Jackie,Pretorius,22-11-1934,South African,88
335,williamson,,WILL,Roger,Williamson,02-02-1948,British,75
336,mcrae,,MCRA,Graham,McRae,05-03-1940,New Zealander,83
337,marko,,MARK,Helmut,Marko,27-04-1943,Austrian,80
338,walker,,WALK,David,Walker,10-06-1941,Australian,82
339,roig,,ROIG,Alex,Soler-Roig,29-10-1932,Spanish,91
340,love,,LOVE,John,Love,07-12-1924,Rhodesian,98
341,surtees,,SURT,John,Surtees,11-02-1934,British,89
342,barber,,BARB,Skip,Barber,16-11-1936,American,86
343,brack,,BRAC,Bill,Brack,26-12-1935,Canadian,87
344,posey,,POSE,Sam,Posey,26-05-1944,American,79
345,rodriguez,,RODR,Pedro,Rodriguez,18-01-1940,Mexican,83
346,siffert,,SIFF,Jo,Siffert,07-07-1936,Swiss,87
347,bonnier,,BONN,Jo,Bonnier,31-01-1930,Swedish,93
348,mazet,,MAZE,Francois,Mazet,24-02-1943,French,80
349,jean,,JEAN,Max,Jean,27-07-1943,French,80
350,elford,,ELFO,Vic,Elford,10-06-1935,British,88
351,moser,,MOSE,Silvio,Moser,24-04-1941,Swiss,82
352,eaton,,EATO,George,Eaton,12-11-1945,Canadian,77
353,lovely,,LOVE,Pete,Lovely,11-04-1926,American,97
354,craft,,CRAF,Chris,Craft,17-11-1939,British,83
355,Cannoc,,CANN,John,Cannon,21-06-1933,Canadian,90
356,jack_brabham,,JACK,Jack,Brabham,02-04-1926,Australian,97
357,miles,,MILE,John,Miles,14-06-1943,British,80
358,rindt,,RIND,Jochen,Rindt,18-04-1942,Austrian,81
359,gavin,,GAVI,Johnny,Servoz-Gavin,18-01-1942,French,81
360,mclaren,,MCLA,Bruce,McLaren,30-08-1937,New Zealander,86
361,courage,,COUR,Piers,Courage,27-05-1942,British,81
362,klerk,,KLER,Peter,de Klerk,16-03-1935,South African,88
363,giunti,,GIUN,Ignazio,Giunti,30-08-1941,Italian,82
364,gurney,,GURN,Dan,Gurney,13-04-1931,American,92
365,hahne,,HAHN,Hubert,Hahne,28-03-1935,German,88
366,hutchison,,HUTC,Gus,Hutchison,26-04-1937,American,86
367,westbury,,WEST,Peter,Westbury,26-05-1938,British,85
368,tingle,,TING,Sam,Tingle,24-08-1921,Rhodesian,102
369,rooyen,,ROOY,Basil,van Rooyen,19-04-1939,South African,84
370,attwood,,ATTW,Richard,Attwood,04-04-1940,British,83
371,pease,,PEAS,Al,Pease,15-10-1921,Canadian,102
372,cordts,,CORD,John,Cordts,23-07-1935,Canadian,88
373,clark,,CLAR,Jim,Clark,04-03-1936,British,87
374,spence,,SPEN,Mike,Spence,30-12-1936,British,86
375,scarfiotti,,SCAR,Ludovico,Scarfiotti,18-10-1933,Italian,90
376,bianchi,,BIA,Lucien,Bianchi,10-11-1934,Belgian,88
377,jo_schlesser,,JO_S,Jo,Schlesser,18-05-1928,French,95
378,widdows,,WIDD,Robin,Widdows,27-05-1942,British,81
379,ahrens,,AHRE,Kurt,Ahrens,19-04-1940,German,83
380,gardner,,GARD,Frank,Gardner,01-10-1930,Australian,93
381,unser,,UNSE,Bobby,Unser,20-02-1934,American,89
382,solana,,SOLA,Mosaicos,Solana,26-12-1935,Mexican,87
383,anderson,,ANDE,Bob,Anderson,19-05-1931,British,92
384,botha,,BOTH,Luki,Botha,16-01-1930,South African,93
385,bandini,,BAND,Lorenzo,Bandini,21-12-1935,Italian,87
386,ginther,,GINT,Richie,Ginther,05-08-1930,American,93
387,parkes,,PARK,Mike,Parkes,24-09-1931,British,92
388,irwin,,IRWI,Chris,Irwin,27-06-1942,British,81
389,ligier,,LIGI,Guy,Ligier,12-07-1930,French,93
390,rees,,REES,Alan,Rees,12-01-1938,British,85
391,hart,,HART,Brian,Hart,07-09-1936,British,87
392,fisher,,FISH,Mike,Fisher,13-03-1943,American,80
393,tom_jones,,TOM_,Tom,Jones,26-04-1943,American,80
394,baghetti,,BAGH,Giancarlo,Baghetti,25-12-1934,Italian,88
395,williams,,WILL,Jonathan,Williams,26-10-1942,British,81
396,bondurant,,BOND,Bob,Bondurant,27-04-1933,American,90
397,arundell,,ARUN,Peter,Arundell,08-11-1933,British,90
398,vic_wilson,,VIC_,Vic,Wilson,14-04-1931,British,92
399,taylor,,TAYL,John,Taylor,23-03-1933,British,90
400,lawrence,,LAWR,Chris,Lawrence,27-07-1933,British,90
401,trevor_taylor,,TREV,Trevor,Taylor,26-12-1936,British,86
402,geki,,GEKI,Giacomo,Russo,23-10-1937,Italian,86
403,phil_hill,,PHIL,Phil,Hill,20-04-1927,American,96
404,ireland,,IREL,Innes,Ireland,12-06-1930,British,93
405,bucknum,,BUCK,Ronnie,Bucknum,05-04-1936,American,87
406,hawkins,,HAWK,Paul,Hawkins,12-10-1937,Australian,86
407,prophet,,PROP,David,Prophet,09-10-1937,British,86
408,maggs,,MAGG,Tony,Maggs,09-02-1937,South African,86
409,blokdyk,,BLOK,Trevor,Blokdyk,30-11-1935,South African,87
410,lederle,,LEDE,Neville,Lederle,25-09-1938,South African,85
411,serrurier,,SERR,Doug,Serrurier,09-12-1920,South African,102
412,niemann,,NIEM,Brausch,Niemann,07-01-1939,South African,84
413,pieterse,,PIET,Ernie,Pieterse,04-07-1938,South African,85
414,puzey,,PUZE,Clive,Puzey,11-07-1941,Rhodesian,82
415,reed,,REED,Ray,Reed,,South African,123
416,clapham,,CLAP,David,Clapham,18-05-1931,South African,92
417,blignaut,,BLIG,Alex,Blignaut,30-11-1932,South African,90
418,gregory,,GREG,Masten,Gregory,29-02-1932,American,91
419,rhodes,,RHOD,John,Rhodes,18-08-1927,British,96
420,raby,,RABY,Ian,Raby,22-09-1921,British,102
421,rollinson,,ROLL,Alan,Rollinson,15-05-1943,British,80
422,gubby,,GUBB,Brian,Gubby,17-04-1934,British,89
423,mitter,,MITT,Gerhard,Mitter,30-08-1935,German,88
424,bussinello,,BUSS,Roberto,Bussinello,04-10-1927,Italian,96
425,vaccarella,,VACC,Nino,Vaccarella,04-03-1933,Italian,90
426,bassi,,BASS,Giorgio,Bassi,20-01-1934,Italian,89
427,trintignant,,TRIN,Maurice,Trintignant,30-10-1917,French,106
428,collomb,,COLL,Bernard,Collomb,07-10-1930,French,93
429,andre_pilette,,ANDR,Andre,Pilette,06-10-1918,Belgian,105
430,beaufort,,BEAU,Carel Godin,de Beaufort,10-04-1934,Dutch,89
431,barth,,BART,Edgar,Barth,26-01-1917,German,106
432,cabral,,CABR,Mario de Araujo,Cabral,15-01-1934,Portuguese,89
433,hansgen,,HANS,Walt,Hansgen,28-10-1919,American,104
434,sharp,,SHAR,Hap,Sharp,01-01-1928,American,95
435,mairesse,,MAIR,Willy,Mairesse,01-10-1928,Belgian,95
436,campbell-jones,,CAMP,John,Campbell-Jones,21-01-1930,British,93
437,burgess,,BURG,Ian,Burgess,06-07-1930,British,93
438,settember,,SETT,Tony,Settember,10-07-1926,American,97
439,estefano,,ESTE,Nasif,Est̩fano,18-11-1932,Argentine,90
440,hall,,HALL,Jim,Hall,23-07-1935,American,88
441,parnell,,PARN,Tim,Parnell,25-06-1932,British,91
442,kuhnke,,KUHN,Kurt,Kuhnke,30-04-1910,German,113
443,ernesto_brambilla,,ERNE,Ernesto,Brambilla,31-01-1934,Italian,89
444,lippi,,LIPP,Roberto,Lippi,17-10-1926,Italian,97
445,seiffert,,SEIF,Gunther,Seiffert,18-10-1937,German,86
446,abate,,ABAT,Carlo,Abate,10-07-1932,Italian,91
447,starrabba,,STAR,Gaetano,Starrabba,03-12-1932,Italian,90
448,broeker,,BROE,Peter,Broeker,15-05-1926,Canadian,97
449,ward,,WARD,Rodger,Ward,10-01-1921,American,102
450,vos,,VOS,Ernie,de Vos,01-07-1941,Dutch,82
451,dochnal,,DOCH,Frank,Dochnal,08-10-1920,American,103
452,monarch,,MONA,Thomas,Monarch,03-09-1945,American,78
842,gasly,10,GAS,Pierre,Gasly,07-02-1996,French,27
453,lewis,,LEWI,Jackie,Lewis,01-11-1936,British,87
454,ricardo_rodriguez,,RICA,Ricardo,Rodriguez,14-02-1942,Mexican,81
455,seidel,,SEID,Wolfgang,Seidel,04-07-1926,German,97
456,salvadori,,SALV,Roy,Salvadori,12-05-1922,British,101
457,pon,,PON,Ben,Pon,09-12-1936,Dutch,86
458,slotemaker,,SLOT,Rob,Slotemaker,13-06-1929,Dutch,94
459,marsh,,MARS,Tony,Marsh,20-07-1931,British,92
460,ashmore,,ASHM,Gerry,Ashmore,25-07-1936,British,87
461,schiller,,SCHI,Heinz,Schiller,25-01-1930,Swiss,93
462,davis,,DAVI,Colin,Davis,29-07-1933,British,90
463,chamberlain,,CHAM,Jay,Chamberlain,29-12-1925,American,97
464,shelly,,SHEL,Tony,Shelly,02-02-1937,New Zealander,86
465,greene,,GREE,Keith,Greene,05-01-1938,British,85
466,walter,,WALT,Heini,Walter,28-07-1927,Swiss,96
467,prinoth,,PRIN,Ernesto,Prinoth,15-04-1923,Italian,100
468,penske,,PENS,Roger,Penske,20-02-1937,American,86
469,schroeder,,SCHR,Rob,Schroeder,11-05-1926,British,97
470,mayer,,MAYE,Timmy,Mayer,22-02-1938,American,85
471,johnstone,,JOHN,Bruce,Johnstone,30-01-1937,South African,86
472,harris,,HARR,Mike,Harris,25-05-1939,South African,84
473,hocking,,HOCK,Gary,Hocking,30-09-1937,Rhodesian,86
474,vyver,,VYVE,Syd,van der Vyver,01-06-1920,South African,103
475,moss,,MOSS,Stirling,Moss,17-09-1929,British,94
476,trips,,TRIP,Wolfgang,von Trips,04-05-1928,German,95
477,allison,,ALLI,Cliff,Allison,08-02-1932,British,91
478,herrmann,,HERR,Hans,Herrmann,23-02-1928,German,95
479,brooks,,BROO,Tony,Brooks,25-02-1932,British,91
480,may,,MAY,Michael,May,18-08-1934,Swiss,89
481,henry_taylor,,HENR,Henry,Taylor,16-12-1932,British,90
482,gendebien,,GEND,Olivier,Gendebien,12-01-1924,Belgian,99
483,scarlatti,,SCAR,Giorgio,Scarlatti,02-10-1921,Italian,102
484,naylor,,NAYL,Brian,Naylor,24-03-1923,British,100
485,bordeu,,BORD,Juan Manuel,Bordeu,28-01-1934,Argentine,89
486,fairman,,FAIR,Jack,Fairman,15-03-1913,British,110
487,natili,,NATI,Massimo,Natili,28-07-1935,Italian,88
488,monteverdi,,MONT,Peter,Monteverdi,07-06-1934,Swiss,89
489,pirocchi,,PIRO,Renato,Pirocchi,26-03-1933,Italian,90
490,duke,,DUKE,Geoff,Duke,29-03-1923,British,100
491,thiele,,THIE,Alfonso,Thiele,05-04-1920,American-Italian,103
492,boffa,,BOFF,Menato,Boffa,04-01-1930,Italian,93
493,ryan,,RYAN,Peter,Ryan,10-06-1940,Canadian,83
494,ruby,,RUBY,Lloyd,Ruby,12-01-1928,American,95
495,ken_miles,,KEN_,Ken,Miles,01-11-1918,British,105
496,menditeguy,,MEND,Carlos,Menditeguy,10-08-1914,Argentine,109
497,larreta,,LARR,Alberto Rodriguez,Larreta,14-01-1934,Argentine,89
498,gonzalez,,GONZ,Joseph,Gonzalez,05-10-1922,Argentine,101
499,bonomi,,BONO,Roberto,Bonomi,30-09-1919,Argentine,104
500,munaron,,MUNA,Gino,Munaron,02-04-1928,Italian,95
501,schell,,SCHE,Harry,Schell,29-06-1921,American,102
502,stacey,,STAC,Alan,Stacey,29-08-1933,British,90
503,chimeri,,CHIM,Ettore,Chimeri,04-06-1921,Venezuelan,102
504,creus,,CREU,Antonio,Creus,28-10-1924,Spanish,99
505,bristow,,BRIS,Chris,Bristow,02-12-1937,British,85
506,halford,,HALF,Bruce,Halford,18-05-1931,British,92
507,daigh,,DAIG,Chuck,Daigh,29-11-1923,American,99
508,reventlow,,REVE,Lance,Reventlow,24-02-1936,American,87
509,rathmann,,RATH,Jim,Rathmann,16-07-1928,American,95
510,goldsmith,,GOLD,Paul,Goldsmith,02-10-1925,American,98
511,branson,,BRAN,Don,Branson,02-06-1920,American,103
512,thomson,,THOM,Johnny,Thomson,09-04-1922,American,101
513,johnson,,JOHN,Eddie,Johnson,10-02-1919,American,104
514,veith,,VEIT,Bob,Veith,01-11-1926,American,97
515,tingelstad,,TING,Bud,Tingelstad,04-04-1928,American,95
516,christie,,CHRI,Bob,Christie,04-04-1924,American,99
517,amick,,AMIC,Red,Amick,19-01-1929,American,94
518,darter,,DART,Duane,Carter,05-05-1913,American,110
519,homeier,,HOME,Bill,Homeier,31-08-1918,American,105
520,hartley,,HART,Gene,Hartley,28-01-1926,American,97
521,stevenson,,STEV,Chuck,Stevenson,15-10-1919,American,104
522,grim,,GRIM,Bobby,Grim,04-09-1924,American,99
523,templeman,,TEMP,Shorty,Templeman,12-08-1919,American,104
524,hurtubise,,HURT,Jim,Hurtubise,05-12-1932,American,90
525,bryan,,BRYA,Jimmy,Bryan,28-01-1926,American,97
526,ruttman,,RUTT,Troy,Ruttman,11-03-1930,American,93
527,sachs,,SACH,Eddie,Sachs,28-05-1927,American,96
528,freeland,,FREE,Don,Freeland,25-03-1925,American,98
529,bettenhausen,,BETT,Tony,Bettenhausen,12-09-1916,American,107
530,weiler,,WEIL,Wayne,Weiler,09-12-1934,American,88
531,foyt,,FOYT,Anthony,Foyt,16-01-1935,American,88
532,russo,,RUSS,Eddie,Russo,19-11-1925,American,97
533,boyd,,BOYD,Johnny,Boyd,19-08-1926,American,97
534,force,,FORC,Gene,Force,15-06-1916,American,107
535,mcwithey,,MCWI,Jim,McWithey,04-07-1927,American,96
536,sutton,,SUTT,Len,Sutton,09-08-1925,American,98
537,dick_rathmann,,DICK,Dick,Rathmann,06-01-1924,American,99
538,herman,,HERM,Al,Herman,15-03-1927,American,96
539,dempsey_wilson,,DEMP,Dempsey,Wilson,11-03-1927,American,96
540,mike_taylor,,MIKE,Mike,Taylor,24-04-1934,British,89
541,flockhart,,FLOC,Ron,Flockhart,16-06-1923,British,100
542,piper,,PIPE,David,Piper,02-12-1930,British,92
543,cabianca,,CABI,Giulio,Cabianca,19-02-1923,Italian,100
544,drogo,,DROG,Piero,Drogo,08-08-1926,Italian,97
545,gamble,,GAMB,Fred,Gamble,17-03-1932,American,91
546,owen,,OWEN,Arthur,Owen,23-03-1915,British,108
547,gould,,GOUL,Horace,Gould,20-09-1918,British,105
548,drake,,DRAK,Bob,Drake,14-12-1919,American,103
549,bueb,,BUEB,Ivor,Bueb,06-06-1923,British,100
550,Changy,,CHAN,Alain,de Changy,05-02-1922,Belgian,101
551,filippis,,FILI,Maria,de Filippis,11-11-1926,Italian,96
552,lucienbonnet,,LUCI,Jean,Lucienbonnet,07-01-1923,French,100
553,testut,,TEST,Andre,Testut,13-04-1926,Monegasque,97
554,behra,,BEHR,Jean,Behra,16-02-1921,French,102
555,paul_russo,,PAUL,Paul,Russo,10-04-1914,American,109
556,daywalt,,DAYW,Jimmy,Daywalt,28-08-1924,American,99
557,arnold,,ARNO,Chuck,Arnold,30-05-1926,American,97
558,keller,,KELL,Al,Keller,11-04-1920,American,103
559,flaherty,,FLAH,Pat,Flaherty,06-01-1926,American,97
560,cheesbourg,,CHEE,Bill,Cheesbourg,12-06-1927,American,96
561,ray_crawford,,RAY_,Ray,Crawford,26-10-1915,American,108
562,turner,,TURN,Jack,Turner,12-02-1920,American,103
563,weyant,,WEYA,Chuck,Weyant,03-04-1923,American,100
564,larson,,LARS,Jud,Larson,21-01-1923,American,100
565,magill,,MAGI,Mike,Magill,08-02-1920,American,103
566,shelby,,SHEL,Carroll,Shelby,11-01-1923,American,100
567,orey,,OREY,Fritz,d'Orey,25-03-1938,Brazilian,85
568,fontes,,FONT,Azdrubal,Fontes,26-12-1922,Uruguayan,100
569,ashdown,,ASHD,Peter,Ashdown,16-10-1934,British,89
570,bill_moss,,BILL,Bill,Moss,04-09-1933,British,90
571,dennis_taylor,,DENN,Dennis,Taylor,12-06-1921,British,102
572,blanchard,,BLAN,Harry,Blanchard,13-06-1929,American,94
573,tomaso,,TOMA,Alessandro,de Tomaso,10-07-1928,Argentine-Italian,95
574,constantine,,CONS,George,Constantine,22-02-1918,American,105
575,said,,SAID,Bob,Said,05-05-1932,American,91
576,cade,,CADE,Phil,Cade,12-06-1916,American,107
577,musso,,MUSS,Luigi,Musso,28-07-1924,Italian,99
578,hawthorn,,HAWT,Mike,Hawthorn,10-04-1929,British,94
579,fangio,,FANG,Juan,Fangio,24-06-1911,Argentine,112
580,godia,,GODI,Paco,Godia,21-03-1921,Spanish,102
581,collins,,COLL,Peter,Collins,06-11-1931,British,92
582,kavanagh,,KAVA,Ken,Kavanagh,12-12-1923,Australian,99
583,gerini,,GERI,Gerino,Gerini,10-08-1928,Italian,95
584,kessler,,KESS,Bruce,Kessler,23-03-1936,American,87
585,emery,,EMER,Paul,Emery,12-11-1916,British,106
586,piotti,,PIOT,Luigi,Piotti,27-10-1913,Italian,110
587,ecclestone,,ECCL,Bernie,Ecclestone,28-10-1930,British,93
588,taramazzo,,TARA,Luigi,Taramazzo,05-05-1932,Italian,91
589,chiron,,CHIR,Louis,Chiron,1899-08-03,Monegasque,#VALUE!
590,lewis-evans,,LEWI,Stuart,Lewis-Evans,20-04-1930,British,93
591,george_amick,,GEOR,George,Amick,24-10-1924,American,99
592,reece,,REEC,Jimmy,Reece,17-11-1929,American,93
593,parsons,,PARS,Johnnie,Parsons,04-07-1918,American,105
594,tolan,,TOLA,Johnnie,Tolan,22-10-1917,American,106
595,garrett,,GARR,Billy,Garrett,24-04-1933,American,90
596,elisian,,ELIS,Ed,Elisian,09-12-1926,American,96
597,connor,,CONN,Pat,O'Connor,09-10-1928,American,95
598,jerry_unser,,JERR,Jerry,Unser,15-11-1932,American,90
599,bisch,,BISC,Art,Bisch,10-11-1926,American,96
600,goethals,,GOET,Christian,Goethals,04-08-1928,Belgian,95
601,gibson,,GIBS,Dick,Gibson,16-04-1918,British,105
602,la_caze,,LA_C,Robert,La Caze,26-02-1917,French,106
603,guelfi,,GUEL,Andre,Guelfi,06-05-1919,French,104
604,picard,,PICA,Francois,Picard,26-04-1921,French,102
605,bridger,,BRID,Tom,Bridger,24-06-1934,British,89
606,portago,,PORT,Alfonso,de Portago,11-10-1928,Spanish,95
607,perdisa,,PERD,Cesare,Perdisa,21-10-1932,Italian,91
608,castellotti,,CAST,Eugenio,Castellotti,10-10-1930,Italian,93
609,simon,,SIMO,Andre,Simon,05-01-1920,French,103
610,leston,,LEST,Les,Leston,16-12-1920,British,102
611,hanks,,HANK,Sam,Hanks,13-07-1914,American,109
612,linden,,LIND,Andy,Linden,05-04-1922,American,101
613,teague,,TEAG,Marshall,Teague,22-02-1921,American,102
614,edmunds,,EDMU,Don,Edmunds,23-09-1930,American,93
615,agabashian,,AGAB,Fred,Agabashian,21-08-1913,American,110
616,george,,GEOR,Elmer,George,15-07-1928,American,95
617,macdowel,,MACD,Mike,MacDowel,13-09-1932,British,91
618,mackay-fraser,,MACK,Herbert,MacKay-Fraser,23-06-1927,American,96
619,gerard,,GERA,Bob,Gerard,19-01-1914,British,109
620,maglioli,,MAGL,Umberto,Maglioli,05-06-1928,Italian,95
621,england,,ENGL,Paul,England,28-03-1929,Australian,94
622,landi,,LAND,Chico,Landi,14-07-1907,Brazilian,116
623,uria,,URIA,Alberto,Uria,11-07-1924,Uruguayan,99
624,ramos,,RAMO,Hernando,da Silva Ramos,07-12-1925,Brazilian,97
625,bayol,,BAYO,Lalie,Bayol,28-02-1914,French,109
626,manzon,,MANZ,Robert,Manzon,12-04-1917,French,106
627,rosier,,ROSI,Louis,Rosier,05-11-1905,French,118
628,sweikert,,SWEI,Bob,Sweikert,20-05-1926,American,97
629,griffith,,GRIF,Cliff,Griffith,06-02-1916,American,107
630,dinsmore,,DINS,Duke,Dinsmore,10-04-1913,American,110
631,andrews,,ANDR,Keith,Andrews,15-06-1920,American,103
632,frere,,FRER,Paul,Frere,30-01-1917,Belgian,106
633,villoresi,,VILL,Luigi,Villoresi,16-05-1909,Italian,114
634,scotti,,SCOT,Piero,Scotti,11-11-1909,Italian,113
635,chapman,,CHAP,Colin,Chapman,19-05-1928,British,95
636,titterington,,TITT,Desmond,Titterington,01-05-1928,British,95
637,scott_Brown,,SCOT,Archie,Scott Brown,13-05-1927,British,96
638,volonterio,,VOLO,Ottorino,Volonterio,07-12-1917,Swiss,105
639,milhoux,,MILH,Andre,Milhoux,09-12-1928,Belgian,94
640,graffenried,,GRAF,Toulo,de Graffenried,18-05-1914,Swiss,109
641,taruffi,,TARU,Piero,Taruffi,12-10-1906,Italian,117
642,farina,,FARI,Nino,Farina,30-10-1906,Italian,117
643,mieres,,MIER,Roberto,Mieres,03-12-1924,Argentine,98
644,mantovani,,MANT,Sergio,Mantovani,22-05-1929,Italian,94
645,bucci,,BUCC,Clemar,Bucci,04-09-1920,Argentine,103
646,iglesias,,IGLE,Jesus,Iglesias,22-02-1922,Argentine,101
647,ascari,,ASCA,Alberto,Ascari,13-07-1918,Italian,105
648,kling,,KLIN,Karl,Kling,16-09-1910,German,113
649,birger,,BIRG,Pablo,Birger,07-01-1924,Argentine,99
650,pollet,,POLL,Jacques,Pollet,02-07-1922,French,101
651,macklin,,MACK,Lance,Macklin,02-09-1919,British,104
652,whiteaway,,WHIT,Ted,Whiteaway,01-11-1928,British,95
653,davies,,DAVI,Jimmy,Davies,08-08-1929,American,94
654,faulkner,,FAUL,Walt,Faulkner,16-02-1920,American,103
655,niday,,NIDA,Cal,Niday,29-04-1914,American,109
656,cross,,CROS,Art,Cross,24-01-1918,American,105
657,vukovich,,VUKO,Bill,Vukovich,13-12-1918,American,104
658,mcgrath,,MCGR,Jack,McGrath,08-10-1919,American,104
659,hoyt,,HOYT,Jerry,Hoyt,29-01-1929,American,94
660,claes,,CLAE,Johnny,Claes,11-08-1916,Belgian,107
661,peter_walker,,PETE,Peter,Walker,07-10-1912,British,111
662,sparken,,SPAR,Mike,Sparken,16-06-1930,French,93
663,wharton,,WHAR,Ken,Wharton,21-03-1916,British,107
664,mcalpine,,MCAL,Kenneth,McAlpine,21-09-1920,British,103
665,marr,,MARR,Leslie,Marr,14-08-1922,British,101
666,rolt,,ROLT,Tony,Rolt,16-10-1918,British,105
667,fitch,,FITC,John,Fitch,04-08-1917,American,106
668,lucas,,LUCA,Jean,Lucas,25-04-1917,French,106
669,bira,,BIRA,Prince,Bira,15-07-1914,Thai,109
670,marimon,,MARI,Onofre,Marimon,19-12-1923,Argentine,99
671,loyer,,LOYE,Roger,Loyer,05-08-1907,French,116
672,daponte,,DAPO,Jorge,Daponte,05-06-1923,Argentine,100
673,nazaruk,,NAZA,Mike,Nazaruk,02-10-1921,American,102
674,crockett,,CROC,Larry,Crockett,23-10-1926,American,97
675,ayulo,,AYUL,Manny,Ayulo,20-10-1921,American,102
676,armi,,ARMI,Frank,Armi,12-10-1918,American,105
677,webb,,WEBB,Travis,Webb,08-10-1910,American,113
678,duncan,,DUNC,Len,Duncan,25-07-1911,American,112
679,mccoy,,MCCO,Ernie,McCoy,19-02-1921,American,102
680,swaters,,SWAT,Jacques,Swaters,30-10-1926,American,97
681,georges_berger,,GEOR,Georges,Berger,14-09-1918,Belgian,105
682,beauman,,BEAU,Don,Beauman,26-07-1928,British,95
683,thorne,,THOR,Leslie,Thorne,23-06-1916,British,107
684,whitehouse,,WHIT,Bill,Whitehouse,01-04-1909,British,114
685,riseley_prichard,,RISE,John,Riseley-Prichard,17-01-1924,British,99
686,reg_parnell,,REG_,Reg,Parnell,02-07-1911,British,112
687,whitehead,,WHIT,Peter,Whitehead,12-11-1914,British,108
688,brandon,,BRAN,Eric,Brandon,18-07-1920,British,103
689,alan_brown,,ALAN,Alan,Brown,20-11-1919,British,103
690,nuckey,,NUCK,Rodney,Nuckey,26-06-1929,British,94
691,lang,,LANG,Hermann,Lang,06-04-1909,German,114
692,helfrich,,HELF,Theo,Helfrich,13-05-1913,German,110
693,wacker,,WACK,Fred,Wacker,10-07-1918,American,105
694,riu,,RIU,Giovanni,de Riu,10-03-1925,Italian,98
695,galvez,,GALV,Oscar,Galvez,17-08-1913,Argentine,110
696,john_barber,,JOHN,John,Barber,22-07-1929,British,94
697,bonetto,,BONE,Felice,Bonetto,09-06-1903,Italian,120
698,cruz,,CRUZ,Adolfo,Cruz,28-06-1923,Argentine,100
699,nalon,,NALO,Duke,Nalon,02-03-1913,American,110
700,scarborough,,SCAR,Carl,Scarborough,03-07-1914,American,109
701,holland,,HOLL,Bill,Holland,18-12-1907,American,115
702,bob_scott,,BOB_,Bob,Scott,04-10-1928,American,95
703,legat,,LEGA,Arthur,Legat,1898-11-01,Belgian,#VALUE!
704,cabantous,,CABA,Yves,Cabantous,08-10-1904,French,119
705,crook,,CROO,Tony,Crook,16-02-1920,British,103
706,jimmy_stewart,,JIMM,Jimmy,Stewart,06-03-1931,British,92
707,ian_stewart,,IAN_,Ian,Stewart,15-07-1929,British,94
708,duncan_hamilton,,DUNC,Duncan,Hamilton,30-04-1920,British,103
709,klodwig,,KLOD,Ernst,Klodwig,23-05-1903,East German,120
710,krause,,KRAU,Rudolf,Krause,30-03-1907,East German,116
711,karch,,KARC,Oswald,Karch,06-03-1917,German,106
712,heeks,,HEEK,Willi,Heeks,13-02-1922,German,101
713,fitzau,,FITZ,Theo,Fitzau,10-02-1923,East German,100
714,adolff,,ADOL,Kurt,Adolff,05-11-1921,German,102
715,bechem,,BECH,Gunther,Bechem,21-12-1921,German,101
716,bauer,,BAUE,Erwin,Bauer,17-07-1912,German,111
717,hans_stuck,,HANS,Hans,von Stuck,27-12-1900,German,122
718,loof,,LOOF,Ernst,Loof,04-07-1907,German,116
719,scherrer,,SCHE,Albert,Scherrer,28-02-1908,Swiss,115
720,terra,,TERR,Max,de Terra,06-10-1918,Swiss,105
721,hirt,,HIRT,Peter,Hirt,30-03-1910,Swiss,113
722,carini,,CARI,Piero,Carini,06-03-1921,Italian,102
723,fischer,,FISC,Rudi,Fischer,19-04-1912,Swiss,111
724,ulmen,,ULME,Toni,Ulmen,25-01-1906,German,117
725,abecassis,,ABEC,George,Abecassis,21-03-1913,British,110
726,george_connor,,GEOR,George,Connor,16-08-1906,American,117
727,rigsby,,RIGS,Jim,Rigsby,06-06-1923,American,100
728,james,,JAME,Joe,James,23-05-1925,American,98
729,schindler,,SCHI,Bill,Schindler,06-03-1909,American,114
730,fonder,,FOND,George,Fonder,22-06-1917,American,106
731,banks,,BANK,Henry,Banks,14-06-1913,American,110
732,mcdowell,,MCDO,Johnny,McDowell,29-01-1915,American,108
733,miller,,MILL,Chet,Miller,19-07-1902,American,121
734,ball,,BALL,Bobby,Ball,26-08-1925,American,98
735,tornaco,,TORN,Charles,de Tornaco,07-06-1927,Belgian,96
736,laurent,,LAUR,Roger,Laurent,21-02-1913,Belgian,110
737,obrien,,OBRI,Robert,O'Brien,11-04-1908,American,115
738,gaze,,GAZE,Tony,Gaze,03-02-1920,Australian,103
739,charrington,,CHAR,Robin,Montgomerie-Charrington,23-06-1915,British,108
740,comotti,,COMO,Franco,Comotti,24-07-1906,Italian,117
741,etancelin,,ETAN,Philippe,Etancelin,1896-12-28,French,#VALUE!
742,poore,,POOR,Dennis,Poore,19-08-1916,British,107
743,thompson,,THOM,Eric,Thompson,04-11-1919,British,104
744,downing,,DOWN,Ken,Downing,05-12-1917,British,105
745,graham_whitehead,,GRAH,Graham,Whitehead,15-04-1922,British,101
746,bianco,,BIAN,Gino,Bianco,22-07-1916,Brazilian,107
747,murray,,MURR,David,Murray,28-12-1909,British,113
748,cantoni,,CANT,Eitel,Cantoni,04-10-1906,Uruguayan,117
749,aston,,ASTO,Bill,Aston,29-03-1900,British,123
750,brudes,,BRUD,Adolf,Brudes,1899-10-15,German,#VALUE!
751,riess,,RIES,Fritz,Riess,11-07-1922,German,101
752,niedermayr,,NIED,Helmut,Niedermayr,29-11-1915,German,107
753,klenk,,KLEN,Hans,Klenk,28-10-1919,German,104
754,balsa,,BALS,Marcel,Balsa,01-01-1909,French,114
755,schoeller,,SCHO,Rudolf,Schoeller,27-04-1902,Swiss,121
756,pietsch,,PIET,Paul,Pietsch,20-06-1911,German,112
757,peters,,PETE,Josef,Peters,16-09-1914,German,109
758,lof,,LOF,Dries,van der Lof,23-08-1919,Dutch,104
759,flinterman,,FLIN,Jan,Flinterman,02-10-1919,Dutch,104
760,dusio,,DUSI,Piero,Dusio,1899-10-13,Italian,#VALUE!
761,crespo,,CRES,Alberto,Crespo,16-01-1920,Argentine,103
762,rol,,ROL,Franco,Rol,05-06-1908,Italian,115
763,sanesi,,SANE,Consalvo,Sanesi,28-03-1911,Italian,112
764,guy_mairesse,,GUY_,Guy,Mairesse,10-08-1910,French,113
765,louveau,,LOUV,Henri,Louveau,25-01-1910,French,113
766,wallard,,WALL,Lee,Wallard,07-09-1910,American,113
767,forberg,,FORB,Carl,Forberg,04-03-1911,American,112
768,rose,,ROSE,Mauri,Rose,26-05-1906,American,117
769,mackey,,MACK,Bill,Mackey,15-12-1927,American,95
770,green,,GREE,Cecil,Green,30-09-1919,American,104
771,walt_brown,,WALT,Walt,Brown,30-12-1911,American,111
772,hellings,,HELL,Mack,Hellings,14-09-1915,American,108
773,levegh,,LEVE,Pierre,Levegh,22-12-1905,French,117
774,chaboud,,CHAB,Eugene,Chaboud,12-04-1907,French,116
775,gordini,,GORD,Aldo,Gordini,20-05-1921,French,102
776,kelly,,KELL,Joe,Kelly,13-03-1913,Irish,110
777,parker,,PARK,Philip,Fotheringham-Parker,22-09-1907,British,116
778,shawe_taylor,,SHAW,Brian,Shawe Taylor,28-01-1915,British,108
779,john_james,,JOHN,John,James,10-05-1914,British,109
780,branca,,BRAN,Toni,Branca,15-09-1916,Swiss,107
781,richardson,,RICH,Ken,Richardson,21-08-1911,British,112
782,jover,,JOVE,Juan,Jover,23-11-1903,Spanish,119
783,grignard,,GRIG,Georges,Grignard,25-07-1905,French,118
784,hampshire,,HAMP,David,Hampshire,29-12-1917,British,105
785,crossley,,CROS,Geoff,Crossley,11-05-1921,British,102
786,fagioli,,FAGI,Luigi,Fagioli,1898-06-09,Italian,#VALUE!
787,harrison,,HARR,Cuth,Harrison,06-07-1906,British,117
788,fry,,FRY,Joe,Fry,26-10-1915,British,108
789,martin,,MART,Eugene,Martin,24-03-1915,French,108
790,leslie_johnson,,LESL,Leslie,Johnson,22-03-1912,British,111
791,biondetti,,BION,Clemente,Biondetti,1898-08-18,Italian,#VALUE!
792,pian,,PIAN,Alfredo,Pian,21-10-1912,Argentine,111
793,sommer,,SOMM,Raymond,Sommer,31-08-1906,French,117
794,chitwood,,CHIT,Joie,Chitwood,14-04-1912,American,111
795,fohr,,FOHR,Myron,Fohr,17-06-1912,American,111
796,ader,,ADER,Walt,Ader,15-12-1913,American,109
797,holmes,,HOLM,Jackie,Holmes,04-09-1920,American,103
798,levrett,,LEVR,Bayliss,Levrett,14-02-1914,American,109
799,jackson,,JACK,Jimmy,Jackson,25-07-1910,American,113
800,pagani,,PAGA,Nello,Pagani,11-10-1911,Italian,112
801,pozzi,,POZZ,Charles,Pozzi,27-08-1909,French,114
802,serafini,,SERA,Dorino,Serafini,22-07-1909,Italian,114
803,cantrell,,CANT,Bill,Cantrell,31-01-1908,American,115
804,mantz,,MANT,Johnny,Mantz,18-09-1918,American,105
805,kladis,,KLAD,Danny,Kladis,10-02-1917,American,106
806,oscar_gonzalez,,OSCA,Oscar,Gonzalez,10-11-1923,Uruguayan,99
807,hulkenberg,27,HUL,Nico,HÌ_lkenberg,19-08-1987,German,36
808,petrov,,PET,Vitaly,Petrov,08-09-1984,Russian,39
810,grassi,,DIG,Lucas,di Grassi,11-08-1984,Brazilian,39
811,bruno_senna,,SEN,Bruno,Senna,15-10-1983,Brazilian,40
812,chandhok,,CHA,Karun,Chandhok,19-01-1984,Indian,39
813,maldonado,13,MAL,Pastor,Maldonado,09-03-1985,Venezuelan,38
814,resta,,DIR,Paul,di Resta,16-04-1986,British,37
815,perez,11,PER,Sergio,Perez,26-01-1990,Mexican,33
816,ambrosio,,DAM,Jereme,Ambrosio,27-12-1985,Belgian,37
817,ricciardo,3,RIC,Daniel,Ricciardo,01-07-1989,Australian,34
818,vergne,25,VER,Jean Eric,Vergne,25-04-1990,French,33
819,pic,,PIC,Charles,Pic,15-02-1990,French,33
820,chilton,4,CHI,Max,Chilton,21-04-1991,British,32
821,gutierrez,21,GUT,Esteban,Gutierrez,05-08-1991,Mexican,32
822,bottas,77,BOT,Valtteri,Bottas,28-08-1989,Finnish,34
823,garde,,VDG,Giedo,van der Garde,25-04-1985,Dutch,38
824,jules_bianchi,17,BIA,Jules,Bianchi,03-08-1989,French,34
825,kevin_magnussen,20,MAG,Kevin,Magnussen,05-10-1992,Danish,31
826,kvyat,26,KVY,Daniil,Kvyat,26-04-1994,Russian,29
827,lotterer,45,LOT,Andre,Lotterer,19-11-1981,German,41
828,ericsson,9,ERI,Marcus,Ericsson,02-09-1990,Swedish,33
829,stevens,28,STE,Will,Stevens,28-06-1991,British,32
830,max_verstappen,33,VER,Max,Verstappen,30-09-1997,Dutch,26
831,nasr,12,NAS,Felipe,Nasr,21-08-1992,Brazilian,31
832,sainz,55,SAI,Carlos,Sainz,01-09-1994,Spanish,29
833,merhi,98,MER,Roberto,Merhi,22-03-1991,Spanish,32
834,rossi,53,RSS,Alexander,Rossi,25-09-1991,American,32
835,jolyon_palmer,30,PAL,Jolyon,Palmer,20-01-1991,British,32
836,wehrlein,94,WEH,Pascal,Wehrlein,18-10-1994,German,29
837,haryanto,88,HAR,Rio,Haryanto,22-01-1993,Indonesian,30
838,vandoorne,2,VAN,Stoffel,Vandoorne,26-03-1992,Belgian,31
839,ocon,31,OCO,Esteban,Ocon,17-09-1996,French,27
840,stroll,18,STR,Lance,Stroll,29-10-1998,Canadian,25
841,giovinazzi,36,GIO,Antonio,Giovinazzi,14-12-1993,Italian,29
843,brendon_hartley,39,HAR,Brendon,Hartley,10-11-1989,New Zealander,33
